﻿<?xml version="1.0" encoding="utf-8"?>
<deployment>
  <id>24eca2f0-1bf0-45c4-823d-7aa6e78c465f</id>
  <author>N/A</author>
  <deployer>Push-Deployer</deployer>
  <authorEmail>N/A</authorEmail>
  <message>Created via a push deployment</message>
  <progress></progress>
  <status>Success</status>
  <statusText></statusText>
  <lastSuccessEndTime>2025-08-08T20:06:58.2039149Z</lastSuccessEndTime>
  <receivedTime>2025-08-08T20:06:51.3171318Z</receivedTime>
  <startTime>2025-08-08T20:06:53.3605906Z</startTime>
  <endTime>2025-08-08T20:06:58.2039149Z</endTime>
  <complete>True</complete>
  <is_temp>False</is_temp>
  <is_readonly>True</is_readonly>
  <buildSummary />
</deployment>