﻿<?xml version="1.0" encoding="utf-8"?>
<deployment>
  <id>188b6878-d355-447b-a1c9-bc8ef367cf02</id>
  <author>N/A</author>
  <deployer>Push-Deployer</deployer>
  <authorEmail>N/A</authorEmail>
  <message>Created via a push deployment</message>
  <progress></progress>
  <status>Success</status>
  <statusText></statusText>
  <lastSuccessEndTime>2025-08-08T17:23:41.2136489Z</lastSuccessEndTime>
  <receivedTime>2025-08-08T17:23:35.2364259Z</receivedTime>
  <startTime>2025-08-08T17:23:37.7193829Z</startTime>
  <endTime>2025-08-08T17:23:41.2136489Z</endTime>
  <complete>True</complete>
  <is_temp>False</is_temp>
  <is_readonly>True</is_readonly>
  <buildSummary />
</deployment>