<step title="Incoming Request" date="2025-08-08T20:06:20.491" instance="6112ee" url="/api/zipdeploy?isAsync=true" method="POST" type="request" pid="824,1,16" Accept="*/*" Host="worldleaders-api-prod-staging.scm.azurewebsites.net" User-Agent="AZURECLI/2.75.0 (DEB)" Accept-Encoding="gzip, deflate" Authorization="Bas..." Cache-Control="no-cache" Content-Type="application/octet-stream" Content-Length="46202675" x-ms-client-request-id="f03aa69e-7492-11f0-81dd-000d3a93550e" x-ms-artifact-checksum="982e6f76513ac91367eba1dd30a4ff081594735ec1cd4bae657706bef3046ab2" X-ARR-LOG-ID="f03aa69e-7492-11f0-81dd-000d3a93550e" CLIENT-IP="52.154.132.161:47106" X-SITE-DEPLOYMENT-ID="worldleaders-api-prod__2852" WAS-DEFAULT-HOSTNAME="worldleaders-api-prod-staging.scm.azurewebsites.net" X-Forwarded-Proto="https" X-AppService-Proto="https" X-Forwarded-TlsVersion="1.3" X-WAWS-Unencoded-URL="/api/zipdeploy?isAsync=true" X-Client-IP="52.154.132.161" X-Client-Port="47106" >
  <step title="ZipPushDeploy" date="2025-08-08T20:06:27.333" >
    <step title="ZipDeploy. Run from package." date="2025-08-08T20:06:27.435" /><!-- duration: 67ms -->
    <step title="None repository commit" date="2025-08-08T20:06:27.666" >
      <step title="Commit id: 24eca2f0-1bf0-45c4-823d-7aa6e78c465f" date="2025-08-08T20:06:27.775" Message="N/A" AuthorName="N/A" AuthorEmail="N/A" /><!-- duration: 11ms -->
    </step><!-- duration: 160ms -->
    <step title="Starting PushDeployAsync" date="2025-08-08T20:06:27.935" /><!-- duration: 333ms -->
    <step title="WEBSITE_RUN_FROM_PACKAGE is set to 1. Writing zip to SitePackagesPath" date="2025-08-08T20:06:28.819" /><!-- duration: 73ms -->
    <step title="Copying zip to SitePackages /home/data/SitePackages/20250808200627.zip from request body" date="2025-08-08T20:06:29.019" /><!-- duration: 10ms -->
    <step title="Writing multipart request body to /home/data/SitePackages/20250808200627.zip" date="2025-08-08T20:06:29.153" /><!-- duration: 18ms -->
    <step title="Start deployment in the background" date="2025-08-08T20:06:43.616" >
      <step title="Acquiring Deployment Lock" date="2025-08-08T20:06:44.310" /><!-- duration: 20ms -->
      <step title="Acquired Deployment Lock" date="2025-08-08T20:06:45.214" /><!-- duration: 30ms -->
    </step><!-- duration: 2715ms -->
  </step><!-- duration: 19433ms -->
  <step title="Outgoing response" date="2025-08-08T20:06:46.934" type="response" statusCode="202" statusText="Accepted" /><!-- duration: 9ms -->
</step><!-- duration: 26472ms -->
