<step title="BackgroundTrace" date="2025-08-08T21:23:46.136" instance="6112ee" url="/api/zipdeploy" method="POST" >
  <step title="Cleanup Xml Logs" date="2025-08-08T21:23:46.207" /><!-- duration: 79ms -->
  <step title="Creating temporary deployment - FetchDeploymentManager" date="2025-08-08T21:23:46.881" /><!-- duration: 8ms -->
  <step title="Creating temporary deployment" date="2025-08-08T21:23:46.909" /><!-- duration: 262ms -->
  <step title="Performing fetch based deployment" date="2025-08-08T21:23:48.116" >
    <step title="Deployment timer started" date="2025-08-08T21:23:52.282" >
      <step title="DeploymentManager.Deploy(id:95da3486-14d5-4f5c-99cd-98fcb70b6b27)" date="2025-08-08T21:23:52.295" >
        <step title="Collecting changeset information" date="2025-08-08T21:23:52.404" /><!-- duration: 251ms -->
        <step title="Updating submodules" date="2025-08-08T21:23:52.695" /><!-- duration: 2070ms -->
        <step title="Determining deployment builder" date="2025-08-08T21:23:55.319" >
          <step title="Builder is RunFromZipSiteBuilder" date="2025-08-08T21:23:55.361" /><!-- duration: 19ms -->
        </step><!-- duration: 102ms -->
        <step title="PreDeployment: context.CleanOutputPath False" date="2025-08-08T21:23:55.653" >
          <step title="PreDeployment: context.OutputPath /home/site/wwwroot" date="2025-08-08T21:23:56.156" >
            <step title="Building" date="2025-08-08T21:23:56.466" >
              <step title="Triggering recycle (preview mode disabled)." date="2025-08-08T21:23:57.552" /><!-- duration: 40ms -->
              <step title="Modified file to trigger a restart of the app container." date="2025-08-08T21:23:57.670" /><!-- duration: 13ms -->
              <step title="Skip function trigger and logicapp sync because function is not enabled." date="2025-08-08T21:23:57.903" /><!-- duration: 31ms -->
            </step><!-- duration: 3918ms -->
          </step><!-- duration: 4268ms -->
          <step title="Cleaning up temp files" date="2025-08-08T21:24:00.444" /><!-- duration: 59ms -->
          <step title="Cleaning up temp files" date="2025-08-08T21:24:00.564" /><!-- duration: 561ms -->
          <step title="Reloading status file with latest updates" date="2025-08-08T21:24:01.363" >
            <step title="WebHooksManager.PublishEventAsync: PostDeployment" date="2025-08-08T21:24:01.412" /><!-- duration: 2297ms -->
          </step><!-- duration: 2376ms -->
          <step title="Cleaning up temporary deployment - fetch deployment was successful" date="2025-08-08T21:24:03.810" /><!-- duration: 20ms -->
        </step><!-- duration: 9282ms -->
      </step><!-- duration: 13050ms -->
