<step title="Incoming Request" date="2025-08-08T17:23:18.730" instance="6112ee" url="/api/zipdeploy?isAsync=true" method="POST" type="request" pid="823,1,7" Accept="*/*" Host="worldleaders-api-prod-staging.scm.azurewebsites.net" User-Agent="AZURECLI/2.75.0 (DEB)" Accept-Encoding="gzip, deflate" Authorization="Bas..." Cache-Control="no-cache" Content-Type="application/octet-stream" Content-Length="46202656" x-ms-client-request-id="460461e4-747c-11f0-a03a-000d3a41fe25" x-ms-artifact-checksum="ec4853b28e9718ae4de9a8136f7239b975080c5f4e2b9603f43716606edb7546" X-ARR-LOG-ID="460461e4-747c-11f0-a03a-000d3a41fe25" CLIENT-IP="132.196.32.53:30659" X-SITE-DEPLOYMENT-ID="worldleaders-api-prod__2852" WAS-DEFAULT-HOSTNAME="worldleaders-api-prod-staging.scm.azurewebsites.net" X-Forwarded-Proto="https" X-AppService-Proto="https" X-Forwarded-TlsVersion="1.3" X-WAWS-Unencoded-URL="/api/zipdeploy?isAsync=true" X-Client-IP="132.196.32.53" X-Client-Port="30659" >
  <step title="ZipPushDeploy" date="2025-08-08T17:23:20.924" >
    <step title="ZipDeploy. Run from package." date="2025-08-08T17:23:20.972" /><!-- duration: 9ms -->
    <step title="None repository commit" date="2025-08-08T17:23:21.003" >
      <step title="Commit id: 188b6878-d355-447b-a1c9-bc8ef367cf02" date="2025-08-08T17:23:21.013" Message="N/A" AuthorName="N/A" AuthorEmail="N/A" /><!-- duration: 19ms -->
    </step><!-- duration: 38ms -->
    <step title="Starting PushDeployAsync" date="2025-08-08T17:23:21.069" /><!-- duration: 12ms -->
    <step title="WEBSITE_RUN_FROM_PACKAGE is set to 1. Writing zip to SitePackagesPath" date="2025-08-08T17:23:21.133" /><!-- duration: 37ms -->
    <step title="Copying zip to SitePackages /home/data/SitePackages/20250808172320.zip from request body" date="2025-08-08T17:23:21.241" /><!-- duration: 33ms -->
    <step title="Writing multipart request body to /home/data/SitePackages/20250808172320.zip" date="2025-08-08T17:23:21.341" /><!-- duration: 21ms -->
    <step title="Start deployment in the background" date="2025-08-08T17:23:29.341" >
      <step title="Acquiring Deployment Lock" date="2025-08-08T17:23:29.511" /><!-- duration: 41ms -->
      <step title="Acquired Deployment Lock" date="2025-08-08T17:23:29.832" /><!-- duration: 10ms -->
    </step><!-- duration: 855ms -->
  </step><!-- duration: 9301ms -->
  <step title="Outgoing response" date="2025-08-08T17:23:30.597" type="response" statusCode="202" statusText="Accepted" /><!-- duration: 18ms -->
</step><!-- duration: 11896ms -->
