<step title="BackgroundTrace" date="2025-08-08T22:11:17.376" instance="6112ee" url="/api/zipdeploy" method="POST" >
  <step title="Cleanup Xml Logs" date="2025-08-08T22:11:17.497" /><!-- duration: 63ms -->
  <step title="Creating temporary deployment - FetchDeploymentManager" date="2025-08-08T22:11:17.798" /><!-- duration: 62ms -->
  <step title="Creating temporary deployment" date="2025-08-08T22:11:17.879" /><!-- duration: 261ms -->
  <step title="Performing fetch based deployment" date="2025-08-08T22:11:18.583" >
    <step title="Deployment timer started" date="2025-08-08T22:11:23.865" >
      <step title="DeploymentManager.Deploy(id:daf649f7-8738-4776-a9bd-65044094d3ae)" date="2025-08-08T22:11:23.915" >
        <step title="Collecting changeset information" date="2025-08-08T22:11:24.027" /><!-- duration: 533ms -->
        <step title="Updating submodules" date="2025-08-08T22:11:24.649" /><!-- duration: 2568ms -->
        <step title="Determining deployment builder" date="2025-08-08T22:11:27.858" >
          <step title="Builder is RunFromZipSiteBuilder" date="2025-08-08T22:11:27.921" /><!-- duration: 30ms -->
        </step><!-- duration: 152ms -->
        <step title="PreDeployment: context.CleanOutputPath False" date="2025-08-08T22:11:28.180" >
          <step title="PreDeployment: context.OutputPath /home/site/wwwroot" date="2025-08-08T22:11:28.492" >
            <step title="Building" date="2025-08-08T22:11:28.882" >
              <step title="Triggering recycle (preview mode disabled)." date="2025-08-08T22:11:29.896" /><!-- duration: 38ms -->
              <step title="Modified file to trigger a restart of the app container." date="2025-08-08T22:11:30.115" /><!-- duration: 12ms -->
              <step title="Skip function trigger and logicapp sync because function is not enabled." date="2025-08-08T22:11:30.176" /><!-- duration: 141ms -->
            </step><!-- duration: 5373ms -->
          </step><!-- duration: 5803ms -->
          <step title="Cleaning up temp files" date="2025-08-08T22:11:34.394" /><!-- duration: 90ms -->
          <step title="Cleaning up temp files" date="2025-08-08T22:11:34.565" /><!-- duration: 654ms -->
          <step title="Reloading status file with latest updates" date="2025-08-08T22:11:36.467" >
            <step title="WebHooksManager.PublishEventAsync: PostDeployment" date="2025-08-08T22:11:36.496" /><!-- duration: 805ms -->
          </step><!-- duration: 974ms -->
          <step title="Cleaning up temporary deployment - fetch deployment was successful" date="2025-08-08T22:11:37.581" /><!-- duration: 192ms -->
        </step><!-- duration: 10444ms -->
      </step><!-- duration: 14843ms -->
