﻿<?xml version="1.0" encoding="utf-8"?>
<deployment>
  <id>95da3486-14d5-4f5c-99cd-98fcb70b6b27</id>
  <author>N/A</author>
  <deployer>Push-Deployer</deployer>
  <authorEmail>N/A</authorEmail>
  <message>Created via a push deployment</message>
  <progress></progress>
  <status>Success</status>
  <statusText></statusText>
  <lastSuccessEndTime>2025-08-08T21:23:59.3813032Z</lastSuccessEndTime>
  <receivedTime>2025-08-08T21:23:52.5537135Z</receivedTime>
  <startTime>2025-08-08T21:23:55.1657601Z</startTime>
  <endTime>2025-08-08T21:23:59.3813032Z</endTime>
  <complete>True</complete>
  <is_temp>False</is_temp>
  <is_readonly>True</is_readonly>
  <buildSummary />
</deployment>