<step title="Incoming Request" date="2025-08-08T21:23:30.334" instance="6112ee" url="/api/zipdeploy?isAsync=true" method="POST" type="request" pid="837,1,7" Accept="*/*" Host="worldleaders-api-prod-staging.scm.azurewebsites.net" User-Agent="AZURECLI/2.75.0 (DEB)" Accept-Encoding="gzip, deflate" Authorization="Bas..." Cache-Control="no-cache" Content-Type="application/octet-stream" Content-Length="46203413" x-ms-client-request-id="e88bb31a-749d-11f0-a03a-7ced8d1785a7" x-ms-artifact-checksum="d7ad08fa375d9d8ca0236017f2b8d316d4ea45d66b43dbe134b69ce7ae0b6036" X-ARR-LOG-ID="e88bb31a-749d-11f0-a03a-7ced8d1785a7" CLIENT-IP="172.208.84.243:2244" X-SITE-DEPLOYMENT-ID="worldleaders-api-prod__2852" WAS-DEFAULT-HOSTNAME="worldleaders-api-prod-staging.scm.azurewebsites.net" X-Forwarded-Proto="https" X-AppService-Proto="https" X-Forwarded-TlsVersion="1.3" X-WAWS-Unencoded-URL="/api/zipdeploy?isAsync=true" X-Client-IP="172.208.84.243" X-Client-Port="2244" >
  <step title="ZipPushDeploy" date="2025-08-08T21:23:34.890" >
    <step title="ZipDeploy. Run from package." date="2025-08-08T21:23:34.922" /><!-- duration: 18ms -->
    <step title="None repository commit" date="2025-08-08T21:23:35.002" >
      <step title="Commit id: 95da3486-14d5-4f5c-99cd-98fcb70b6b27" date="2025-08-08T21:23:35.023" Message="N/A" AuthorName="N/A" AuthorEmail="N/A" /><!-- duration: 20ms -->
    </step><!-- duration: 69ms -->
    <step title="Starting PushDeployAsync" date="2025-08-08T21:23:35.092" /><!-- duration: 19ms -->
    <step title="WEBSITE_RUN_FROM_PACKAGE is set to 1. Writing zip to SitePackagesPath" date="2025-08-08T21:23:35.262" /><!-- duration: 11ms -->
    <step title="Copying zip to SitePackages /home/data/SitePackages/20250808212334.zip from request body" date="2025-08-08T21:23:35.314" /><!-- duration: 19ms -->
    <step title="Writing multipart request body to /home/data/SitePackages/20250808212334.zip" date="2025-08-08T21:23:35.353" /><!-- duration: 31ms -->
    <step title="Start deployment in the background" date="2025-08-08T21:23:46.035" >
      <step title="Acquiring Deployment Lock" date="2025-08-08T21:23:46.348" /><!-- duration: 40ms -->
      <step title="Acquired Deployment Lock" date="2025-08-08T21:23:46.850" /><!-- duration: 11ms -->
    </step><!-- duration: 1185ms -->
  </step><!-- duration: 12583ms -->
  <step title="Outgoing response" date="2025-08-08T21:23:47.792" type="response" statusCode="202" statusText="Accepted" /><!-- duration: 20ms -->
</step><!-- duration: 17490ms -->
