<step title="BackgroundTrace" date="2025-08-08T20:06:43.977" instance="6112ee" url="/api/zipdeploy" method="POST" >
  <step title="Cleanup Xml Logs" date="2025-08-08T20:06:44.030" /><!-- duration: 98ms -->
  <step title="Creating temporary deployment - FetchDeploymentManager" date="2025-08-08T20:06:45.284" /><!-- duration: 29ms -->
  <step title="Creating temporary deployment" date="2025-08-08T20:06:45.325" /><!-- duration: 993ms -->
  <step title="Performing fetch based deployment" date="2025-08-08T20:06:47.126" >
    <step title="Deployment timer started" date="2025-08-08T20:06:51.004" >
      <step title="DeploymentManager.Deploy(id:24eca2f0-1bf0-45c4-823d-7aa6e78c465f)" date="2025-08-08T20:06:51.026" >
        <step title="Collecting changeset information" date="2025-08-08T20:06:51.154" /><!-- duration: 264ms -->
        <step title="Updating submodules" date="2025-08-08T20:06:51.438" /><!-- duration: 1299ms -->
        <step title="Determining deployment builder" date="2025-08-08T20:06:53.502" >
          <step title="Builder is RunFromZipSiteBuilder" date="2025-08-08T20:06:53.650" /><!-- duration: 13ms -->
        </step><!-- duration: 181ms -->
        <step title="PreDeployment: context.CleanOutputPath False" date="2025-08-08T20:06:54.735" >
          <step title="PreDeployment: context.OutputPath /home/site/wwwroot" date="2025-08-08T20:06:55.099" >
            <step title="Building" date="2025-08-08T20:06:55.479" >
              <step title="Triggering recycle (preview mode disabled)." date="2025-08-08T20:06:56.044" /><!-- duration: 142ms -->
              <step title="Modified file to trigger a restart of the app container." date="2025-08-08T20:06:56.295" /><!-- duration: 22ms -->
              <step title="Skip function trigger and logicapp sync because function is not enabled." date="2025-08-08T20:06:56.538" /><!-- duration: 38ms -->
            </step><!-- duration: 3389ms -->
          </step><!-- duration: 3827ms -->
          <step title="Cleaning up temp files" date="2025-08-08T20:06:58.968" /><!-- duration: 179ms -->
          <step title="Cleaning up temp files" date="2025-08-08T20:06:59.168" /><!-- duration: 684ms -->
          <step title="Reloading status file with latest updates" date="2025-08-08T20:07:00.157" >
            <step title="WebHooksManager.PublishEventAsync: PostDeployment" date="2025-08-08T20:07:00.165" /><!-- duration: 499ms -->
          </step><!-- duration: 510ms -->
          <step title="Cleaning up temporary deployment - fetch deployment was successful" date="2025-08-08T20:07:00.682" /><!-- duration: 10ms -->
        </step><!-- duration: 6033ms -->
      </step><!-- duration: 9780ms -->
