<step title="BackgroundTrace" date="2025-08-08T17:23:29.361" instance="6112ee" url="/api/zipdeploy" method="POST" >
  <step title="Cleanup Xml Logs" date="2025-08-08T17:23:29.380" /><!-- duration: 8ms -->
  <step title="Creating temporary deployment - FetchDeploymentManager" date="2025-08-08T17:23:29.853" /><!-- duration: 9ms -->
  <step title="Creating temporary deployment" date="2025-08-08T17:23:29.885" /><!-- duration: 302ms -->
  <step title="Performing fetch based deployment" date="2025-08-08T17:23:30.718" >
    <step title="Deployment timer started" date="2025-08-08T17:23:34.735" >
      <step title="DeploymentManager.Deploy(id:188b6878-d355-447b-a1c9-bc8ef367cf02)" date="2025-08-08T17:23:34.797" >
        <step title="Collecting changeset information" date="2025-08-08T17:23:34.927" /><!-- duration: 461ms -->
        <step title="Updating submodules" date="2025-08-08T17:23:35.437" /><!-- duration: 1448ms -->
        <step title="Determining deployment builder" date="2025-08-08T17:23:37.860" >
          <step title="Builder is RunFromZipSiteBuilder" date="2025-08-08T17:23:37.910" /><!-- duration: 28ms -->
        </step><!-- duration: 149ms -->
        <step title="PreDeployment: context.CleanOutputPath False" date="2025-08-08T17:23:38.161" >
          <step title="PreDeployment: context.OutputPath /home/site/wwwroot" date="2025-08-08T17:23:38.544" >
            <step title="Building" date="2025-08-08T17:23:39.023" >
              <step title="Triggering recycle (preview mode disabled)." date="2025-08-08T17:23:39.978" /><!-- duration: 32ms -->
              <step title="Modified file to trigger a restart of the app container." date="2025-08-08T17:23:40.148" /><!-- duration: 13ms -->
              <step title="Skip function trigger and logicapp sync because function is not enabled." date="2025-08-08T17:23:40.210" /><!-- duration: 78ms -->
            </step><!-- duration: 2661ms -->
          </step><!-- duration: 3151ms -->
          <step title="Cleaning up temp files" date="2025-08-08T17:23:41.697" /><!-- duration: 10ms -->
          <step title="Cleaning up temp files" date="2025-08-08T17:23:41.716" /><!-- duration: 702ms -->
          <step title="Reloading status file with latest updates" date="2025-08-08T17:23:42.839" >
            <step title="WebHooksManager.PublishEventAsync: PostDeployment" date="2025-08-08T17:23:42.939" /><!-- duration: 454ms -->
          </step><!-- duration: 594ms -->
          <step title="Cleaning up temporary deployment - fetch deployment was successful" date="2025-08-08T17:23:43.472" /><!-- duration: 11ms -->
        </step><!-- duration: 5484ms -->
      </step><!-- duration: 8984ms -->
