<step title="Incoming Request" date="2025-08-08T22:11:00.175" instance="6112ee" url="/api/zipdeploy?isAsync=true" method="POST" type="request" pid="831,1,15" Accept="*/*" Host="worldleaders-api-prod-staging.scm.azurewebsites.net" User-Agent="AZURECLI/2.75.0 (DEB)" Accept-Encoding="gzip, deflate" Authorization="Bas..." Cache-Control="no-cache" Content-Type="application/octet-stream" Content-Length="46205931" x-ms-client-request-id="6c508184-74a4-11f0-81dd-6045bdd7dbfa" x-ms-artifact-checksum="adac4ac81dfe03b0c2e61519a61752b962d0a7dd98244024a43d6311b5fa3ed9" X-ARR-LOG-ID="6c508184-74a4-11f0-81dd-6045bdd7dbfa" CLIENT-IP="172.178.119.21:41003" X-SITE-DEPLOYMENT-ID="worldleaders-api-prod__2852" WAS-DEFAULT-HOSTNAME="worldleaders-api-prod-staging.scm.azurewebsites.net" X-Forwarded-Proto="https" X-AppService-Proto="https" X-Forwarded-TlsVersion="1.3" X-WAWS-Unencoded-URL="/api/zipdeploy?isAsync=true" X-Client-IP="172.178.119.21" X-Client-Port="41003" >
  <step title="ZipPushDeploy" date="2025-08-08T22:11:03.956" >
    <step title="ZipDeploy. Run from package." date="2025-08-08T22:11:04.054" /><!-- duration: 82ms -->
    <step title="None repository commit" date="2025-08-08T22:11:04.187" >
      <step title="Commit id: daf649f7-8738-4776-a9bd-65044094d3ae" date="2025-08-08T22:11:04.256" Message="N/A" AuthorName="N/A" AuthorEmail="N/A" /><!-- duration: 40ms -->
    </step><!-- duration: 129ms -->
    <step title="Starting PushDeployAsync" date="2025-08-08T22:11:04.338" /><!-- duration: 77ms -->
    <step title="WEBSITE_RUN_FROM_PACKAGE is set to 1. Writing zip to SitePackagesPath" date="2025-08-08T22:11:04.537" /><!-- duration: 42ms -->
    <step title="Copying zip to SitePackages /home/data/SitePackages/20250808221104.zip from request body" date="2025-08-08T22:11:04.640" /><!-- duration: 57ms -->
    <step title="Writing multipart request body to /home/data/SitePackages/20250808221104.zip" date="2025-08-08T22:11:04.710" /><!-- duration: 29ms -->
    <step title="Start deployment in the background" date="2025-08-08T22:11:17.287" >
      <step title="Acquiring Deployment Lock" date="2025-08-08T22:11:17.638" /><!-- duration: 10ms -->
      <step title="Acquired Deployment Lock" date="2025-08-08T22:11:17.738" /><!-- duration: 40ms -->
    </step><!-- duration: 864ms -->
  </step><!-- duration: 14234ms -->
  <step title="Outgoing response" date="2025-08-08T22:11:18.262" type="response" statusCode="202" statusText="Accepted" /><!-- duration: 39ms -->
</step><!-- duration: 18226ms -->
