<step title="Incoming Request" date="2025-08-08T22:11:00.054" instance="6112ee" url="/api/zipdeploy?isAsync=true" method="POST" type="request" pid="831,1,16" Accept="*/*" Host="worldleaders-api-prod-staging.scm.azurewebsites.net" User-Agent="AZURECLI/2.75.0 (DEB)" Accept-Encoding="gzip, deflate" Authorization="Bas..." Cache-Control="no-cache" Content-Type="application/octet-stream" Content-Length="46203413" x-ms-client-request-id="3faddb18-74a4-11f0-81dd-7c1e52dad7f3" x-ms-artifact-checksum="af1265c879f6c3dc5117b01cb733b5ff8ba19d9789a97c02829e30706404baea" X-ARR-LOG-ID="3faddb18-74a4-11f0-81dd-7c1e52dad7f3" CLIENT-IP="145.132.102.226:19459" X-SITE-DEPLOYMENT-ID="worldleaders-api-prod__2852" WAS-DEFAULT-HOSTNAME="worldleaders-api-prod-staging.scm.azurewebsites.net" X-Forwarded-Proto="https" X-AppService-Proto="https" X-Forwarded-TlsVersion="1.3" X-WAWS-Unencoded-URL="/api/zipdeploy?isAsync=true" X-Client-IP="145.132.102.226" X-Client-Port="19459" >
  <step title="ZipPushDeploy" date="2025-08-08T22:11:03.955" >
    <step title="ZipDeploy. Run from package." date="2025-08-08T22:11:04.016" /><!-- duration: 38ms -->
    <step title="None repository commit" date="2025-08-08T22:11:04.165" >
      <step title="Commit id: 45965f51-ab02-4c19-94a8-9113c14054f4" date="2025-08-08T22:11:04.225" Message="N/A" AuthorName="N/A" AuthorEmail="N/A" /><!-- duration: 32ms -->
    </step><!-- duration: 132ms -->
    <step title="Starting PushDeployAsync" date="2025-08-08T22:11:04.338" /><!-- duration: 71ms -->
    <step title="WEBSITE_RUN_FROM_PACKAGE is set to 1. Writing zip to SitePackagesPath" date="2025-08-08T22:11:04.519" /><!-- duration: 61ms -->
    <step title="Copying zip to SitePackages /home/data/SitePackages/20250808221104.zip from request body" date="2025-08-08T22:11:04.699" /><!-- duration: 31ms -->
    <step title="Writing multipart request body to /home/data/SitePackages/20250808221104.zip" date="2025-08-08T22:11:04.749" /><!-- duration: 42ms -->
    <step title="Error occurred" date="2025-08-08T22:11:05.514" type="error" text="Exception in copying zip file to temp path. Exception: System.IO.IOException: The process cannot access the file &apos;/home/data/SitePackages/20250808221104.zip&apos; because it is being used by another process.
   at Microsoft.Win32.SafeHandles.SafeFileHandle.Init(String path, FileMode mode, FileAccess access, FileShare share, FileOptions options, Int64 preallocationSize, Int64&amp; fileLength, UnixFileMode&amp; filePermissions)
   at Microsoft.Win32.SafeHandles.SafeFileHandle.Open(String fullPath, FileMode mode, FileAccess access, FileShare share, FileOptions options, Int64 preallocationSize, UnixFileMode openPermissions, Int64&amp; fileLength, UnixFileMode&amp; filePermissions, Boolean failForSymlink, Boolean&amp; wasSymlink, Func`4 createOpenException)
   at System.IO.Strategies.OSFileStreamStrategy..ctor(String path, FileMode mode, FileAccess access, FileShare share, FileOptions options, Int64 preallocationSize, Nullable`1 unixCreateMode)
   at System.IO.File.Create(String path)
   at Kudu.Services.Deployment.PushDeploymentController.CopyZipFromRequestBody(String artifactTempPath, ITracer tracer) in /tmp/KuduLite/Kudu.Services/Deployment/PushDeploymentController.cs:line 1471: The process cannot access the file &apos;/home/data/SitePackages/20250808221104.zip&apos; because it is being used by another process." stackTrace="   at Microsoft.Win32.SafeHandles.SafeFileHandle.Init(String path, FileMode mode, FileAccess access, FileShare share, FileOptions options, Int64 preallocationSize, Int64&amp; fileLength, UnixFileMode&amp; filePermissions)
   at Microsoft.Win32.SafeHandles.SafeFileHandle.Open(String fullPath, FileMode mode, FileAccess access, FileShare share, FileOptions options, Int64 preallocationSize, UnixFileMode openPermissions, Int64&amp; fileLength, UnixFileMode&amp; filePermissions, Boolean failForSymlink, Boolean&amp; wasSymlink, Func`4 createOpenException)
   at System.IO.Strategies.OSFileStreamStrategy..ctor(String path, FileMode mode, FileAccess access, FileShare share, FileOptions options, Int64 preallocationSize, Nullable`1 unixCreateMode)
   at System.IO.File.Create(String path)
   at Kudu.Services.Deployment.PushDeploymentController.CopyZipFromRequestBody(String artifactTempPath, ITracer tracer) in /tmp/KuduLite/Kudu.Services/Deployment/PushDeploymentController.cs:line 1471" /><!-- duration: 20ms -->
    <step title="Start deployment in the background" date="2025-08-08T22:11:05.905" >
      <step title="Acquiring Deployment Lock" date="2025-08-08T22:11:06.548" /><!-- duration: 20ms -->
      <step title="Acquired Deployment Lock" date="2025-08-08T22:11:07.732" /><!-- duration: 60ms -->
    </step><!-- duration: 2797ms -->
  </step><!-- duration: 4957ms -->
  <step title="Outgoing response" date="2025-08-08T22:11:09.444" type="response" statusCode="202" statusText="Accepted" /><!-- duration: 43ms -->
</step><!-- duration: 9473ms -->
