﻿<?xml version="1.0" encoding="utf-8"?>
<deployment>
  <id>daf649f7-8738-4776-a9bd-65044094d3ae</id>
  <author>N/A</author>
  <deployer>Push-Deployer</deployer>
  <authorEmail>N/A</authorEmail>
  <message>Created via a push deployment</message>
  <progress></progress>
  <status>Success</status>
  <statusText></statusText>
  <lastSuccessEndTime>2025-08-08T22:11:32.7764341Z</lastSuccessEndTime>
  <receivedTime>2025-08-08T22:11:24.3197825Z</receivedTime>
  <startTime>2025-08-08T22:11:27.7700122Z</startTime>
  <endTime>2025-08-08T22:11:32.7764341Z</endTime>
  <complete>True</complete>
  <is_temp>False</is_temp>
  <is_readonly>True</is_readonly>
  <buildSummary />
</deployment>